{"precision": 0.7914046121593291, "recall": 0.6044835868694955, "fbeta": 0.6854289605083975, "r2": 0.856402818068794, "mae": 0.14359718193120596, "feature_importance": {"_type": "image-file", "sha256": "068b88f9e5de09956e315297b55ac1f78fd1069b274e050d8231583b0efb624b", "size": 31328, "path": "media/images/feature_importance_0_068b88f9e5de09956e31.png", "format": "png", "width": 1000, "height": 1000}, "_timestamp": 1657231056, "_runtime": 20, "_step": 0, "_wandb": {"runtime": 20}}