{"r2": 0.856402818068794, "mae": 0.14359718193120596, "_wandb": {"runtime": 13}}