{"r2": 0.856402818068794, "mae": 0.14359718193120596, "feature_importance": {"_type": "image-file", "sha256": "068b88f9e5de09956e315297b55ac1f78fd1069b274e050d8231583b0efb624b", "size": 31328, "path": "media/images/feature_importance_0_068b88f9e5de09956e31.png", "format": "png", "width": 1000, "height": 1000}, "_timestamp": 1657229140, "_runtime": 26, "_step": 0, "_wandb": {"runtime": 27}}