{"precision": 0.8091934084995663, "recall": 0.6098039215686275, "fbeta": 0.6954901229966457, "r2": 0.864578153489143, "mae": 0.13542184651085695, "_wandb": {"runtime": 9}}